ID,Melhor Curso
1,Artes
2,Artes
3,Artes
4,Artes
5,Artes
6,Artes
7,Artes
8,Artes
9,Artes
10,Artes
11,Artes
12,Artes
13,Artes
14,Artes
15,Artes
16,Artes
17,Artes
18,Artes
19,Artes
20,Artes
21,Artes
22,Artes
23,Artes
24,Artes
25,Artes
26,Artes
27,Artes
28,Artes
29,Artes
30,Artes
31,Artes
32,Artes
33,Artes
34,Artes
35,Artes
36,Artes
37,Artes
38,Artes
39,Artes
40,Artes
41,Artes
42,Artes
43,Artes
44,Artes
45,Artes
46,Artes
47,Artes
48,Artes
49,Artes
50,Artes
51,Artes
52,Artes
53,Artes
54,Artes
55,Artes
56,Artes
57,Artes
58,Artes
59,Artes
60,Artes
61,Artes
62,Artes
63,Artes
64,Artes
65,Artes
66,Artes
67,Artes
68,Artes
69,Artes
70,Artes
71,Artes
72,Artes
73,Artes
74,Artes
75,Artes
76,Artes
77,Artes
78,Artes
79,Artes
80,Artes
81,Artes
82,Artes
83,Artes
84,Artes
85,Artes
86,Artes
87,Artes
88,Artes
89,Artes
90,Artes
91,Artes
92,Artes
93,Artes
94,Artes
95,Artes
96,Artes
97,Artes
98,Artes
99,Artes
100,Artes
101,Artes
102,Artes
103,Artes
104,Artes
105,Artes
106,Artes
107,Artes
108,Artes
109,Artes
110,Artes
111,Artes
112,Artes
113,Artes
114,Artes
115,Artes
116,Artes
117,Artes
118,Artes
119,Artes
120,Artes
121,Artes
122,Artes
123,Artes
124,Artes
125,Artes
126,Artes
127,Artes
128,Artes
129,Artes
130,Artes
131,Artes
132,Artes
133,Artes
134,Artes
135,Artes
136,Artes
137,Artes
138,Artes
139,Artes
140,Artes
141,Artes
142,Artes
143,Artes
144,Artes
145,Artes
146,Artes
147,Artes
148,Artes
149,Artes
150,Artes
151,Artes
152,Artes
153,Artes
154,Artes
155,Artes
156,Artes
157,Artes
158,Artes
159,Artes
160,Artes
161,Artes
162,Artes
163,Artes
164,Artes
165,Artes
166,Artes
167,Artes
168,Artes
169,Artes
170,Artes
171,Artes
172,Artes
173,Artes
174,Artes
175,Artes
176,Artes
177,Artes
178,Artes
179,Artes
180,Artes
181,Artes
182,Artes
183,Artes
184,Artes
185,Artes
186,Artes
187,Artes
188,Artes
189,Artes
190,Artes
191,Artes
192,Artes
193,Artes
194,Artes
195,Artes
196,Artes
197,Artes
198,Artes
199,Artes
200,Artes
201,Artes
202,Artes
203,Artes
204,Artes
205,Artes
206,Artes
207,Artes
208,Artes
209,Artes
210,Artes
211,Artes
212,Artes
213,Artes
214,Psicologia
215,Artes
216,Artes
217,Artes
218,Artes
219,Artes
220,Artes
221,Artes
222,Artes
223,Artes
224,Artes
225,Artes
226,Artes
227,Artes
228,Artes
229,Artes
230,Artes
231,Artes
232,Artes
233,Artes
234,Artes
235,Artes
236,Artes
237,Artes
238,Artes
239,Artes
240,Artes
241,Artes
242,Artes
243,Artes
244,Artes
245,Artes
246,Artes
247,Artes
248,Artes
249,Artes
250,Artes
251,Artes
252,Artes
253,Artes
254,Artes
255,Artes
256,Artes
257,Artes
258,Artes
259,Artes
260,Artes
261,Artes
262,Artes
263,Artes
264,Artes
265,Artes
266,Artes
267,Artes
268,Artes
269,Artes
270,Artes
271,Artes
272,Artes
273,Artes
274,Artes
275,Artes
276,Artes
277,Artes
278,Artes
279,Artes
280,Artes
281,Artes
282,Artes
283,Artes
284,Artes
285,Artes
286,Artes
287,Artes
288,Artes
289,Artes
290,Artes
291,Artes
292,Artes
293,Artes
294,Artes
295,Artes
296,Artes
297,Artes
298,Artes
299,Artes
300,Artes
301,Artes
302,Artes
303,Artes
304,Artes
305,Artes
306,Artes
307,Artes
308,Artes
309,Artes
310,Artes
311,Artes
312,Artes
313,Artes
314,Artes
315,Artes
316,Artes
317,Artes
318,Artes
319,Artes
320,Artes
321,Artes
322,Artes
323,Artes
324,Artes
325,Artes
326,Artes
327,Artes
328,Artes
329,Artes
330,Artes
331,Artes
332,Artes
333,Artes
334,Artes
335,Artes
336,Artes
337,Artes
338,Artes
339,Artes
340,Artes
341,Artes
342,Artes
343,Artes
344,Artes
345,Artes
346,Artes
347,Artes
348,Artes
349,Artes
350,Artes
351,Artes
352,Artes
353,Artes
354,Artes
355,Artes
356,Artes
357,Artes
358,Artes
359,Artes
360,Artes
361,Artes
362,Artes
363,Artes
364,Artes
365,Artes
366,Artes
367,Artes
368,Artes
369,Artes
370,Artes
371,Artes
372,Artes
373,Artes
374,Artes
375,Artes
376,Artes
377,Artes
378,Artes
379,Artes
380,Artes
381,Artes
382,Artes
383,Artes
384,Artes
385,Artes
386,Artes
387,Artes
388,Artes
389,Artes
390,Artes
391,Artes
392,Artes
393,Artes
394,Artes
395,Artes
396,Artes
397,Artes
398,Artes
399,Artes
400,Artes
401,Artes
402,Artes
403,Artes
404,Artes
405,Artes
406,Artes
407,Artes
408,Artes
409,Artes
410,Artes
411,Artes
412,Artes
413,Artes
414,Artes
415,Artes
416,Artes
417,Artes
418,Artes
419,Artes
420,Artes
421,Artes
422,Artes
423,Artes
424,Artes
425,Artes
426,Artes
427,Artes
428,Artes
429,Artes
430,Artes
431,Artes
432,Artes
433,Artes
434,Artes
435,Artes
436,Artes
437,Artes
438,Artes
439,Artes
440,Artes
441,Artes
442,Artes
443,Artes
444,Artes
445,Artes
446,Artes
447,Artes
448,Artes
449,Artes
450,Artes
451,Artes
452,Artes
453,Artes
454,Artes
455,Artes
456,Artes
457,Artes
458,Artes
459,Artes
460,Artes
461,Artes
462,Artes
463,Artes
464,Artes
465,Artes
466,Artes
467,Artes
468,Artes
469,Artes
470,Artes
471,Artes
472,Artes
473,Artes
474,Artes
475,Artes
476,Artes
477,Artes
478,Artes
479,Artes
480,Artes
481,Artes
482,Artes
483,Artes
484,Artes
485,Artes
486,Artes
487,Artes
488,Artes
489,Artes
490,Artes
491,Artes
492,Artes
493,Artes
494,Artes
495,Artes
496,Artes
497,Artes
498,Artes
499,Artes
500,Artes
501,Artes
502,Artes
503,Artes
504,Artes
505,Artes
506,Artes
507,Artes
508,Artes
509,Artes
510,Artes
511,Artes
512,Artes
513,Artes
514,Artes
515,Artes
516,Artes
517,Artes
518,Artes
519,Artes
520,Artes
521,Artes
522,Artes
523,Artes
524,Artes
525,Artes
526,Artes
527,Artes
528,Artes
529,Artes
530,Artes
531,Artes
532,Artes
533,Artes
534,Artes
535,Artes
536,Artes
537,Artes
538,Artes
539,Artes
540,Artes
541,Artes
542,Artes
543,Artes
544,Artes
545,Artes
546,Artes
547,Artes
548,Artes
549,Artes
550,Artes
551,Artes
552,Artes
553,Artes
554,Artes
555,Artes
556,Artes
557,Artes
558,Artes
559,Artes
560,Artes
561,Artes
562,Artes
563,Artes
564,Artes
565,Artes
566,Artes
567,Artes
568,Artes
569,Artes
570,Artes
571,Artes
572,Artes
573,Artes
574,Artes
575,Artes
576,Artes
577,Artes
578,Artes
579,Artes
580,Artes
581,Artes
582,Artes
583,Artes
584,Artes
585,Artes
586,Artes
587,Artes
588,Artes
589,Artes
590,Artes
591,Artes
592,Artes
593,Artes
594,Artes
595,Artes
596,Artes
597,Artes
598,Artes
599,Artes
600,Artes
601,Artes
602,Artes
603,Artes
604,Artes
605,Artes
606,Artes
607,Artes
608,Artes
609,Artes
610,Artes
611,Artes
612,Artes
613,Artes
614,Artes
615,Artes
616,Artes
617,Artes
618,Artes
619,Artes
620,Artes
621,Artes
622,Artes
623,Artes
624,Artes
625,Artes
626,Artes
627,Artes
628,Artes
629,Artes
630,Artes
631,Artes
632,Artes
633,Artes
634,Artes
635,Artes
636,Artes
637,Artes
638,Artes
639,Artes
640,Artes
641,Artes
642,Artes
643,Artes
644,Artes
645,Artes
646,Artes
647,Artes
648,Artes
649,Artes
650,Artes
651,Artes
652,Artes
653,Artes
654,Artes
655,Artes
656,Artes
657,Artes
658,Artes
659,Artes
660,Artes
661,Artes
662,Artes
663,Artes
664,Artes
665,Artes
666,Artes
667,Artes
668,Artes
669,Artes
670,Artes
671,Artes
672,Artes
673,Artes
674,Artes
675,Artes
676,Artes
677,Artes
678,Artes
679,Artes
680,Artes
681,Artes
682,Artes
683,Artes
684,Artes
685,Artes
686,Artes
687,Artes
688,Artes
689,Artes
690,Artes
691,Artes
692,Artes
693,Artes
694,Artes
695,Artes
696,Artes
697,Artes
698,Artes
699,Artes
700,Artes
701,Artes
702,Artes
703,Artes
704,Artes
705,Artes
706,Artes
707,Artes
708,Artes
709,Artes
710,Artes
711,Artes
712,Artes
713,Artes
714,Artes
715,Artes
716,Artes
717,Artes
718,Artes
719,Artes
720,Artes
721,Artes
722,Artes
723,Artes
724,Artes
725,Artes
726,Artes
727,Artes
728,Artes
729,Artes
730,Artes
731,Artes
732,Artes
733,Artes
734,Artes
735,Artes
736,Artes
737,Artes
738,Artes
739,Artes
740,Artes
741,Artes
742,Artes
743,Artes
744,Artes
745,Artes
746,Artes
747,Artes
748,Artes
749,Artes
750,Artes
751,Artes
752,Artes
753,Artes
754,Artes
755,Artes
756,Artes
757,Artes
758,Artes
759,Artes
760,Artes
761,Artes
762,Artes
763,Artes
764,Artes
765,Artes
766,Artes
767,Artes
768,Artes
769,Artes
770,Artes
771,Artes
772,Artes
773,Artes
774,Artes
775,Artes
776,Artes
777,Artes
778,Artes
779,Artes
780,Artes
781,Artes
782,Artes
783,Artes
784,Artes
785,Artes
786,Artes
787,Artes
788,Artes
789,Artes
790,Artes
791,Artes
792,Artes
793,Artes
794,Artes
795,Artes
796,Artes
797,Artes
798,Artes
799,Artes
800,Artes
801,Artes
802,Artes
803,Artes
804,Artes
805,Artes
806,Artes
807,Artes
808,Artes
809,Artes
810,Artes
811,Artes
812,Artes
813,Artes
814,Artes
815,Artes
816,Artes
817,Artes
818,Artes
819,Artes
820,Artes
821,Artes
822,Artes
823,Artes
824,Artes
825,Artes
826,Artes
827,Artes
828,Artes
829,Artes
830,Artes
831,Artes
832,Artes
833,Artes
834,Artes
835,Artes
836,Artes
837,Artes
838,Artes
839,Artes
840,Artes
841,Artes
842,Artes
843,Artes
844,Artes
845,Artes
846,Artes
847,Artes
848,Artes
849,Artes
850,Artes
851,Artes
852,Artes
853,Artes
854,Artes
855,Artes
856,Artes
857,Artes
858,Artes
859,Artes
860,Artes
861,Artes
862,Artes
863,Artes
864,Artes
865,Artes
866,Artes
867,Artes
868,Artes
869,Artes
870,Artes
871,Artes
872,Artes
873,Artes
874,Artes
875,Artes
876,Artes
877,Artes
878,Artes
879,Artes
880,Artes
881,Artes
882,Artes
883,Artes
884,Artes
885,Artes
886,Artes
887,Artes
888,Artes
889,Artes
890,Artes
891,Artes
892,Artes
893,Artes
894,Artes
895,Artes
896,Artes
897,Artes
898,Artes
899,Artes
900,Artes
901,Artes
902,Artes
903,Artes
904,Artes
905,Artes
906,Artes
907,Artes
908,Artes
909,Artes
910,Artes
911,Artes
912,Artes
913,Artes
914,Artes
915,Artes
916,Artes
917,Artes
918,Artes
919,Artes
920,Artes
921,Artes
922,Artes
923,Artes
924,Artes
925,Artes
926,Artes
927,Artes
928,Artes
929,Artes
930,Artes
931,Artes
932,Artes
933,Artes
934,Artes
935,Artes
936,Artes
937,Artes
938,Artes
939,Artes
940,Artes
941,Artes
942,Artes
943,Artes
944,Artes
945,Artes
946,Artes
947,Artes
948,Artes
949,Artes
950,Artes
951,Artes
952,Artes
953,Artes
954,Artes
955,Artes
956,Artes
957,Artes
958,Artes
959,Artes
960,Artes
961,Artes
962,Artes
963,Artes
964,Artes
965,Artes
966,Artes
967,Artes
968,Artes
969,Artes
970,Artes
971,Artes
972,Artes
973,Artes
974,Artes
975,Artes
976,Artes
977,Artes
978,Artes
979,Artes
980,Artes
981,Artes
982,Artes
983,Artes
984,Artes
985,Artes
986,Artes
987,Artes
988,Artes
989,Artes
990,Artes
991,Artes
992,Artes
993,Artes
994,Artes
995,Artes
996,Artes
997,Artes
998,Artes
999,Artes
1000,Artes
1001,Artes
1002,Artes
1003,Artes
1004,Artes
1005,Artes
1006,Artes
1007,Artes
1008,Artes
1009,Artes
1010,Artes
1011,Artes
1012,Artes
1013,Artes
1014,Artes
1015,Artes
1016,Artes
1017,Artes
1018,Artes
1019,Artes
1020,Artes
1021,Artes
1022,Artes
1023,Artes
1024,Artes
1025,Artes
1026,Artes
1027,Artes
1028,Artes
1029,Artes
1030,Artes
1031,Artes
1032,Artes
1033,Artes
1034,Artes
1035,Artes
1036,Artes
1037,Artes
1038,Artes
1039,Artes
1040,Artes
1041,Artes
1042,Artes
1043,Artes
1044,Artes
1045,Artes
1046,Artes
1047,Artes
1048,Artes
1049,Artes
1050,Artes
1051,Artes
1052,Artes
1053,Artes
1054,Artes
1055,Artes
1056,Artes
1057,Artes
1058,Artes
1059,Artes
1060,Artes
1061,Artes
1062,Artes
1063,Artes
1064,Artes
1065,Artes
1066,Artes
1067,Artes
1068,Artes
1069,Artes
1070,Artes
1071,Artes
1072,Artes
1073,Artes
1074,Artes
1075,Artes
1076,Artes
1077,Artes
1078,Artes
1079,Artes
1080,Artes
1081,Artes
1082,Artes
1083,Artes
1084,Artes
1085,Artes
1086,Artes
1087,Artes
1088,Artes
1089,Artes
1090,Artes
1091,Artes
1092,Artes
1093,Artes
1094,Artes
1095,Artes
1096,Artes
1097,Artes
1098,Artes
1099,Artes
1100,Artes
1101,Artes
1102,Artes
1103,Artes
1104,Artes
1105,Artes
1106,Artes
1107,Artes
1108,Artes
1109,Artes
1110,Artes
1111,Artes
1112,Artes
1113,Artes
1114,Artes
1115,Artes
1116,Artes
1117,Artes
1118,Artes
1119,Artes
1120,Artes
1121,Artes
1122,Artes
1123,Artes
1124,Artes
1125,Artes
1126,Artes
1127,Artes
1128,Artes
1129,Artes
1130,Artes
1131,Artes
1132,Artes
1133,Artes
1134,Artes
1135,Artes
1136,Artes
1137,Artes
1138,Artes
1139,Artes
1140,Artes
1141,Artes
1142,Artes
1143,Artes
1144,Artes
1145,Artes
1146,Artes
1147,Artes
1148,Artes
1149,Artes
1150,Artes
1151,Artes
1152,Artes
1153,Artes
1154,Artes
1155,Artes
1156,Artes
1157,Artes
1158,Artes
1159,Artes
1160,Artes
1161,Artes
1162,Artes
1163,Artes
1164,Artes
1165,Artes
1166,Artes
1167,Artes
1168,Artes
1169,Artes
1170,Artes
1171,Artes
1172,Artes
1173,Artes
1174,Artes
1175,Artes
1176,Artes
1177,Artes
1178,Artes
1179,Artes
1180,Artes
1181,Artes
1182,Artes
1183,Artes
1184,Artes
1185,Artes
1186,Artes
1187,Artes
1188,Artes
1189,Artes
1190,Artes
1191,Artes
1192,Artes
1193,Artes
1194,Artes
1195,Artes
1196,Artes
1197,Artes
1198,Artes
1199,Artes
1200,Artes
1201,Artes
1202,Artes
1203,Artes
1204,Artes
1205,Artes
1206,Artes
1207,Artes
1208,Artes
1209,Artes
1210,Artes
1211,Artes
1212,Artes
1213,Artes
1214,Artes
1215,Artes
1216,Artes
1217,Artes
1218,Artes
1219,Artes
1220,Artes
1221,Artes
1222,Artes
1223,Artes
1224,Artes
1225,Artes
1226,Artes
1227,Artes
1228,Artes
1229,Artes
1230,Artes
1231,Artes
1232,Artes
1233,Artes
1234,Artes
1235,Artes
1236,Artes
1237,Artes
1238,Artes
1239,Artes
1240,Artes
1241,Artes
1242,Artes
1243,Artes
1244,Artes
1245,Artes
1246,Artes
1247,Artes
1248,Artes
1249,Artes
1250,Artes
1251,Artes
1252,Artes
1253,Artes
1254,Artes
1255,Artes
1256,Artes
1257,Artes
1258,Artes
1259,Artes
1260,Artes
1261,Artes
1262,Artes
1263,Artes
1264,Artes
1265,Artes
1266,Artes
1267,Artes
1268,Artes
1269,Artes
1270,Artes
1271,Artes
1272,Artes
1273,Artes
1274,Artes
1275,Artes
1276,Artes
1277,Artes
1278,Artes
1279,Artes
1280,Artes
1281,Artes
1282,Artes
1283,Artes
1284,Artes
1285,Artes
1286,Artes
1287,Artes
1288,Artes
1289,Artes
1290,Artes
1291,Artes
1292,Artes
1293,Artes
1294,Artes
1295,Artes
1296,Artes
1297,Artes
1298,Artes
1299,Artes
1300,Artes
1301,Artes
1302,Artes
1303,Artes
1304,Artes
1305,Artes
1306,Artes
1307,Artes
1308,Artes
1309,Artes
1310,Artes
1311,Artes
1312,Artes
1313,Artes
1314,Artes
1315,Artes
1316,Artes
1317,Artes
1318,Artes
1319,Artes
1320,Artes
1321,Artes
1322,Artes
1323,Artes
1324,Artes
1325,Artes
1326,Artes
1327,Artes
1328,Artes
1329,Artes
1330,Artes
1331,Artes
1332,Artes
1333,Artes
1334,Artes
1335,Artes
1336,Artes
1337,Artes
1338,Artes
1339,Artes
1340,Artes
1341,Artes
1342,Artes
1343,Artes
1344,Artes
1345,Artes
1346,Artes
1347,Artes
1348,Artes
1349,Artes
1350,Artes
1351,Artes
1352,Artes
1353,Artes
1354,Artes
1355,Artes
1356,Artes
1357,Artes
1358,Artes
1359,Artes
1360,Artes
1361,Artes
1362,Artes
1363,Artes
1364,Artes
1365,Artes
1366,Artes
1367,Artes
1368,Artes
1369,Artes
1370,Artes
1371,Artes
1372,Artes
1373,Artes
1374,Artes
1375,Artes
1376,Artes
1377,Artes
1378,Artes
1379,Artes
1380,Artes
1381,Artes
1382,Artes
1383,Artes
1384,Artes
1385,Artes
1386,Artes
1387,Artes
1388,Artes
1389,Artes
1390,Artes
1391,Artes
1392,Artes
1393,Artes
1394,Artes
1395,Artes
1396,Artes
1397,Artes
1398,Artes
1399,Artes
1400,Artes
1401,Artes
1402,Artes
1403,Artes
1404,Artes
1405,Artes
1406,Artes
1407,Artes
1408,Artes
1409,Artes
1410,Artes
1411,Artes
1412,Artes
1413,Artes
1414,Artes
1415,Artes
1416,Artes
1417,Artes
1418,Artes
1419,Artes
1420,Artes
1421,Artes
1422,Artes
1423,Artes
1424,Artes
1425,Artes
1426,Artes
1427,Artes
1428,Artes
1429,Artes
1430,Artes
1431,Artes
1432,Artes
1433,Artes
1434,Artes
1435,Artes
1436,Artes
1437,Artes
1438,Artes
1439,Artes
1440,Artes
1441,Artes
1442,Artes
1443,Artes
1444,Artes
1445,Artes
1446,Artes
1447,Artes
1448,Artes
1449,Artes
1450,Artes
1451,Artes
1452,Artes
1453,Artes
1454,Artes
1455,Artes
1456,Artes
1457,Artes
1458,Artes
1459,Artes
1460,Artes
1461,Artes
1462,Artes
1463,Artes
1464,Artes
1465,Artes
1466,Artes
1467,Artes
1468,Artes
1469,Artes
1470,Artes
1471,Artes
1472,Artes
1473,Artes
1474,Artes
1475,Artes
1476,Artes
1477,Artes
1478,Artes
1479,Artes
1480,Artes
1481,Artes
1482,Artes
1483,Artes
1484,Artes
1485,Artes
1486,Artes
1487,Artes
1488,Artes
1489,Artes
1490,Artes
1491,Artes
1492,Artes
1493,Artes
1494,Artes
1495,Artes
1496,Artes
1497,Artes
1498,Artes
1499,Artes
1500,Artes
1501,Artes
1502,Artes
1503,Artes
1504,Artes
1505,Artes
1506,Artes
1507,Artes
1508,Artes
1509,Artes
1510,Artes
1511,Artes
1512,Artes
1513,Artes
1514,Artes
1515,Artes
1516,Artes
1517,Artes
1518,Artes
1519,Artes
1520,Artes
1521,Artes
1522,Artes
1523,Artes
1524,Artes
1525,Artes
1526,Artes
1527,Artes
1528,Artes
1529,Artes
1530,Artes
1531,Artes
1532,Artes
1533,Artes
1534,Artes
1535,Artes
1536,Artes
1537,Artes
1538,Artes
1539,Artes
1540,Artes
1541,Artes
1542,Artes
1543,Artes
1544,Artes
1545,Artes
1546,Artes
1547,Artes
1548,Artes
1549,Artes
1550,Artes
1551,Artes
1552,Artes
1553,Artes
1554,Artes
1555,Artes
1556,Artes
1557,Artes
1558,Artes
1559,Artes
1560,Artes
1561,Artes
1562,Artes
1563,Artes
1564,Artes
1565,Artes
1566,Artes
1567,Artes
1568,Artes
1569,Artes
1570,Artes
1571,Artes
1572,Artes
1573,Artes
1574,Artes
1575,Artes
1576,Artes
1577,Artes
1578,Artes
1579,Artes
1580,Artes
1581,Artes
1582,Artes
1583,Artes
1584,Artes
1585,Artes
1586,Artes
1587,Artes
1588,Artes
1589,Artes
1590,Artes
1591,Artes
1592,Artes
1593,Artes
1594,Artes
1595,Artes
1596,Artes
1597,Artes
1598,Artes
1599,Artes
1600,Artes
1601,Artes
1602,Artes
1603,Artes
1604,Artes
1605,Artes
1606,Artes
1607,Artes
1608,Artes
1609,Artes
1610,Artes
1611,Artes
1612,Artes
1613,Artes
1614,Artes
1615,Artes
1616,Artes
1617,Artes
1618,Artes
1619,Artes
1620,Artes
1621,Artes
1622,Artes
1623,Artes
1624,Artes
1625,Artes
1626,Artes
1627,Artes
1628,Artes
1629,Artes
1630,Artes
1631,Artes
1632,Artes
1633,Artes
1634,Artes
1635,Artes
1636,Artes
1637,Artes
1638,Artes
1639,Artes
1640,Artes
1641,Artes
1642,Artes
1643,Artes
1644,Artes
1645,Artes
1646,Artes
1647,Artes
1648,Artes
1649,Artes
1650,Artes
1651,Artes
1652,Artes
1653,Artes
1654,Artes
1655,Artes
1656,Artes
1657,Artes
1658,Artes
1659,Artes
1660,Artes
1661,Artes
1662,Artes
1663,Artes
1664,Artes
1665,Artes
1666,Artes
1667,Artes
1668,Artes
1669,Artes
1670,Artes
1671,Artes
1672,Artes
1673,Artes
1674,Artes
1675,Artes
1676,Artes
1677,Artes
1678,Artes
1679,Artes
1680,Artes
1681,Artes
1682,Artes
1683,Artes
1684,Artes
1685,Artes
1686,Artes
1687,Artes
1688,Artes
1689,Artes
1690,Artes
1691,Artes
1692,Artes
1693,Artes
1694,Artes
1695,Artes
1696,Artes
1697,Artes
1698,Artes
1699,Artes
1700,Artes
1701,Artes
1702,Artes
1703,Artes
1704,Artes
1705,Artes
1706,Artes
1707,Artes
1708,Artes
1709,Artes
1710,Artes
1711,Artes
1712,Artes
1713,Artes
1714,Artes
1715,Artes
1716,Artes
1717,Artes
1718,Artes
1719,Artes
1720,Artes
1721,Artes
1722,Artes
1723,Artes
1724,Artes
1725,Artes
1726,Artes
1727,Artes
1728,Artes
1729,Artes
1730,Artes
1731,Artes
1732,Artes
1733,Artes
1734,Artes
1735,Artes
1736,Artes
1737,Artes
1738,Artes
1739,Artes
1740,Artes
1741,Artes
1742,Artes
1743,Artes
1744,Artes
1745,Artes
1746,Artes
1747,Artes
1748,Artes
1749,Artes
1750,Artes
1751,Artes
1752,Artes
1753,Artes
1754,Artes
1755,Artes
1756,Artes
1757,Artes
1758,Artes
1759,Artes
1760,Artes
1761,Artes
1762,Artes
1763,Artes
1764,Artes
1765,Artes
1766,Artes
1767,Artes
1768,Artes
1769,Artes
1770,Artes
1771,Artes
1772,Artes
1773,Artes
1774,Artes
1775,Artes
1776,Artes
1777,Artes
1778,Artes
1779,Artes
1780,Artes
1781,Artes
1782,Artes
1783,Artes
1784,Artes
1785,Artes
1786,Artes
1787,Artes
1788,Artes
1789,Artes
1790,Artes
1791,Artes
1792,Artes
1793,Artes
1794,Artes
1795,Artes
1796,Artes
1797,Artes
1798,Artes
1799,Artes
1800,Artes
1801,Artes
1802,Artes
1803,Artes
1804,Artes
1805,Artes
1806,Artes
1807,Artes
1808,Artes
1809,Artes
1810,Artes
1811,Artes
1812,Artes
1813,Artes
1814,Artes
1815,Artes
1816,Artes
1817,Artes
1818,Artes
1819,Artes
1820,Artes
1821,Artes
1822,Artes
1823,Artes
1824,Artes
1825,Artes
1826,Artes
1827,Artes
1828,Artes
1829,Artes
1830,Artes
1831,Artes
1832,Artes
1833,Artes
1834,Artes
1835,Artes
1836,Artes
1837,Artes
1838,Artes
1839,Artes
1840,Artes
1841,Artes
1842,Artes
1843,Artes
1844,Artes
1845,Artes
1846,Artes
1847,Artes
1848,Artes
1849,Artes
1850,Artes
1851,Artes
1852,Artes
1853,Artes
1854,Artes
1855,Artes
1856,Artes
1857,Artes
1858,Artes
1859,Artes
1860,Artes
1861,Artes
1862,Artes
1863,Artes
1864,Artes
1865,Artes
1866,Artes
1867,Artes
1868,Artes
1869,Artes
1870,Artes
1871,Artes
1872,Artes
1873,Artes
1874,Artes
1875,Artes
1876,Artes
1877,Artes
1878,Artes
1879,Artes
1880,Artes
1881,Artes
1882,Artes
1883,Artes
1884,Artes
1885,Artes
1886,Artes
1887,Artes
1888,Artes
1889,Artes
1890,Artes
1891,Artes
1892,Artes
1893,Artes
1894,Artes
1895,Artes
1896,Artes
1897,Artes
1898,Artes
1899,Artes
1900,Artes
1901,Artes
1902,Artes
1903,Artes
1904,Artes
1905,Artes
1906,Artes
1907,Artes
1908,Artes
1909,Artes
1910,Artes
1911,Artes
1912,Artes
1913,Artes
1914,Artes
1915,Artes
1916,Artes
1917,Artes
1918,Artes
1919,Artes
1920,Artes
1921,Artes
1922,Artes
1923,Artes
1924,Artes
1925,Artes
1926,Artes
1927,Artes
1928,Artes
1929,Artes
1930,Artes
1931,Artes
1932,Artes
1933,Artes
1934,Artes
1935,Artes
1936,Artes
1937,Artes
1938,Artes
1939,Artes
1940,Artes
1941,Artes
1942,Artes
1943,Artes
1944,Artes
1945,Artes
1946,Artes
1947,Artes
1948,Artes
1949,Artes
1950,Artes
1951,Artes
1952,Artes
1953,Artes
1954,Artes
1955,Artes
1956,Artes
1957,Artes
1958,Artes
1959,Artes
1960,Artes
1961,Artes
1962,Artes
1963,Artes
1964,Artes
1965,Artes
1966,Artes
1967,Artes
1968,Artes
1969,Artes
1970,Artes
1971,Artes
1972,Artes
1973,Artes
1974,Artes
1975,Artes
1976,Artes
1977,Artes
1978,Artes
1979,Artes
1980,Artes
1981,Artes
1982,Artes
1983,Artes
1984,Artes
1985,Artes
1986,Artes
1987,Artes
1988,Artes
1989,Artes
1990,Artes
1991,Artes
1992,Artes
1993,Artes
1994,Artes
1995,Artes
1996,Artes
1997,Artes
1998,Artes
1999,Artes
2000,Artes
2001,Artes
2002,Artes
2003,Artes
2004,Artes
2005,Artes
2006,Artes
2007,Artes
2008,Artes
2009,Artes
2010,Artes
2011,Artes
2012,Artes
2013,Artes
2014,Artes
2015,Artes
2016,Artes
2017,Artes
2018,Artes
2019,Artes
2020,Artes
2021,Artes
2022,Artes
2023,Artes
2024,Artes
2025,Artes
2026,Artes
2027,Artes
2028,Artes
2029,Artes
2030,Artes
2031,Artes
2032,Artes
2033,Artes
2034,Artes
2035,Artes
2036,Artes
2037,Artes
2038,Artes
2039,Artes
2040,Artes
2041,Artes
2042,Artes
2043,Artes
2044,Artes
2045,Artes
2046,Artes
2047,Artes
2048,Artes
2049,Artes
2050,Artes
2051,Artes
2052,Artes
2053,Artes
2054,Artes
2055,Artes
2056,Artes
2057,Artes
2058,Artes
2059,Artes
2060,Artes
2061,Artes
2062,Artes
2063,Artes
2064,Artes
2065,Artes
2066,Artes
2067,Artes
2068,Artes
2069,Artes
2070,Artes
2071,Artes
2072,Artes
2073,Artes
2074,Artes
2075,Artes
2076,Artes
2077,Artes
2078,Artes
2079,Artes
2080,Artes
2081,Artes
2082,Artes
2083,Artes
2084,Artes
2085,Artes
2086,Artes
2087,Artes
2088,Artes
2089,Artes
2090,Artes
2091,Artes
2092,Artes
2093,Artes
2094,Artes
2095,Artes
2096,Artes
2097,Artes
2098,Artes
2099,Artes
2100,Artes
2101,Artes
2102,Artes
2103,Artes
2104,Artes
2105,Artes
2106,Artes
2107,Artes
2108,Artes
2109,Artes
2110,Artes
2111,Artes
2112,Artes
2113,Artes
2114,Artes
2115,Artes
2116,Artes
2117,Artes
2118,Artes
2119,Artes
2120,Artes
2121,Artes
2122,Artes
2123,Artes
2124,Artes
2125,Artes
2126,Artes
2127,Artes
2128,Artes
2129,Artes
2130,Artes
2131,Artes
2132,Artes
2133,Artes
2134,Artes
2135,Artes
2136,Artes
2137,Artes
2138,Artes
2139,Artes
2140,Artes
2141,Artes
2142,Artes
2143,Artes
2144,Artes
2145,Artes
2146,Artes
2147,Artes
2148,Artes
2149,Artes
2150,Artes
2151,Artes
2152,Artes
2153,Artes
2154,Artes
2155,Artes
2156,Artes
2157,Artes
2158,Artes
2159,Artes
2160,Artes
2161,Artes
2162,Artes
2163,Artes
2164,Artes
2165,Artes
2166,Artes
2167,Artes
2168,Artes
2169,Artes
2170,Artes
2171,Artes
2172,Artes
2173,Artes
2174,Artes
2175,Artes
2176,Artes
2177,Artes
2178,Artes
2179,Artes
2180,Artes
2181,Artes
2182,Artes
2183,Artes
2184,Artes
2185,Artes
2186,Artes
2187,Artes
2188,Artes
2189,Artes
2190,Artes
2191,Artes
2192,Artes
2193,Artes
2194,Artes
2195,Artes
2196,Artes
2197,Artes
2198,Artes
2199,Artes
2200,Artes
2201,Artes
2202,Artes
2203,Artes
2204,Artes
2205,Artes
2206,Artes
2207,Artes
2208,Artes
2209,Artes
2210,Artes
2211,Artes
2212,Artes
2213,Artes
2214,Artes
2215,Artes
2216,Artes
2217,Artes
2218,Artes
2219,Artes
2220,Artes
2221,Artes
2222,Artes
2223,Artes
2224,Artes
2225,Artes
2226,Artes
2227,Artes
2228,Artes
2229,Artes
2230,Artes
2231,Artes
2232,Artes
2233,Artes
2234,Artes
2235,Artes
2236,Artes
2237,Artes
2238,Artes
2239,Artes
2240,Artes
2241,Artes
2242,Artes
2243,Artes
2244,Artes
2245,Artes
2246,Artes
2247,Artes
2248,Artes
2249,Artes
2250,Artes
2251,Artes
2252,Artes
2253,Artes
2254,Artes
2255,Artes
2256,Artes
2257,Artes
2258,Artes
2259,Artes
2260,Artes
2261,Artes
2262,Artes
2263,Artes
2264,Artes
2265,Artes
2266,Artes
2267,Artes
2268,Artes
2269,Artes
2270,Artes
2271,Artes
2272,Artes
2273,Artes
2274,Artes
2275,Artes
2276,Artes
2277,Artes
2278,Artes
2279,Artes
2280,Artes
2281,Artes
2282,Artes
2283,Artes
2284,Artes
2285,Artes
2286,Artes
2287,Artes
2288,Artes
2289,Artes
2290,Artes
2291,Artes
2292,Artes
2293,Artes
2294,Artes
2295,Artes
2296,Artes
2297,Artes
2298,Artes
2299,Artes
2300,Artes
2301,Artes
2302,Artes
2303,Artes
2304,Artes
2305,Artes
2306,Artes
2307,Artes
2308,Artes
2309,Artes
2310,Artes
2311,Artes
2312,Artes
2313,Artes
2314,Artes
2315,Artes
2316,Artes
2317,Artes
2318,Artes
2319,Artes
2320,Artes
2321,Artes
2322,Artes
2323,Artes
2324,Artes
2325,Artes
2326,Artes
2327,Artes
2328,Artes
2329,Artes
2330,Artes
2331,Artes
2332,Artes
2333,Artes
2334,Artes
2335,Artes
2336,Artes
2337,Artes
2338,Artes
2339,Artes
2340,Artes
2341,Artes
2342,Artes
2343,Artes
2344,Artes
2345,Artes
2346,Artes
2347,Artes
2348,Artes
2349,Artes
2350,Artes
2351,Artes
2352,Artes
2353,Artes
2354,Artes
2355,Artes
2356,Artes
2357,Artes
2358,Artes
2359,Artes
2360,Artes
2361,Artes
2362,Artes
2363,Artes
2364,Artes
2365,Artes
2366,Artes
2367,Artes
2368,Artes
2369,Artes
2370,Artes
2371,Artes
2372,Artes
2373,Artes
2374,Artes
2375,Artes
2376,Artes
2377,Artes
2378,Artes
2379,Artes
2380,Artes
2381,Artes
2382,Artes
2383,Artes
2384,Artes
2385,Artes
2386,Artes
2387,Artes
2388,Artes
2389,Artes
2390,Artes
2391,Artes
2392,Artes
2393,Artes
2394,Artes
2395,Artes
2396,Artes
2397,Artes
2398,Artes
2399,Artes
2400,Artes
2401,Artes
2402,Artes
2403,Artes
2404,Artes
2405,Artes
2406,Artes
2407,Artes
2408,Artes
2409,Artes
2410,Artes
2411,Artes
2412,Artes
2413,Artes
2414,Artes
2415,Artes
2416,Artes
2417,Artes
2418,Artes
2419,Artes
2420,Artes
2421,Artes
2422,Artes
2423,Artes
2424,Artes
2425,Artes
2426,Artes
2427,Artes
2428,Artes
2429,Artes
2430,Artes
2431,Artes
2432,Artes
2433,Artes
2434,Artes
2435,Artes
2436,Artes
2437,Artes
2438,Artes
2439,Artes
2440,Artes
2441,Artes
2442,Artes
2443,Artes
2444,Artes
2445,Artes
2446,Artes
2447,Artes
2448,Artes
2449,Artes
2450,Artes
2451,Artes
2452,Artes
2453,Artes
2454,Artes
2455,Artes
2456,Artes
2457,Artes
2458,Artes
2459,Artes
2460,Artes
2461,Artes
2462,Artes
2463,Artes
2464,Artes
2465,Artes
2466,Artes
2467,Artes
2468,Artes
2469,Artes
2470,Artes
2471,Artes
2472,Artes
2473,Artes
2474,Artes
2475,Artes
2476,Artes
2477,Artes
2478,Artes
2479,Artes
2480,Artes
2481,Artes
2482,Artes
2483,Artes
2484,Artes
2485,Artes
2486,Artes
2487,Artes
2488,Artes
2489,Artes
2490,Artes
2491,Artes
2492,Artes
2493,Artes
2494,Artes
2495,Artes
2496,Artes
2497,Artes
2498,Artes
2499,Artes
2500,Artes
2501,Artes
2502,Artes
2503,Artes
2504,Artes
2505,Artes
2506,Artes
2507,Artes
2508,Artes
2509,Artes
2510,Artes
2511,Artes
2512,Artes
2513,Artes
2514,Artes
2515,Artes
2516,Artes
2517,Artes
2518,Artes
2519,Artes
2520,Artes
2521,Artes
2522,Artes
2523,Artes
2524,Artes
2525,Artes
2526,Artes
2527,Artes
2528,Artes
2529,Artes
2530,Artes
2531,Artes
2532,Artes
2533,Artes
2534,Artes
2535,Artes
2536,Artes
2537,Artes
2538,Artes
2539,Artes
2540,Artes
2541,Artes
2542,Artes
2543,Artes
2544,Artes
2545,Artes
2546,Artes
2547,Artes
2548,Artes
2549,Artes
2550,Artes
2551,Artes
2552,Artes
2553,Artes
2554,Artes
2555,Artes
2556,Artes
2557,Artes
2558,Artes
2559,Artes
2560,Artes
2561,Artes
2562,Artes
2563,Artes
2564,Artes
2565,Artes
2566,Artes
2567,Artes
2568,Artes
2569,Artes
2570,Artes
2571,Artes
2572,Artes
2573,Artes
2574,Artes
2575,Artes
2576,Artes
2577,Artes
2578,Artes
2579,Artes
2580,Artes
2581,Artes
2582,Artes
2583,Artes
2584,Artes
2585,Artes
2586,Artes
2587,Artes
2588,Artes
2589,Artes
2590,Artes
2591,Artes
2592,Artes
2593,Artes
2594,Artes
2595,Artes
2596,Artes
2597,Artes
2598,Artes
2599,Artes
2600,Artes
2601,Artes
2602,Artes
2603,Artes
2604,Artes
2605,Artes
2606,Artes
2607,Artes
2608,Artes
2609,Artes
2610,Artes
2611,Artes
2612,Artes
2613,Artes
2614,Artes
2615,Artes
2616,Artes
2617,Artes
2618,Artes
2619,Artes
2620,Artes
2621,Artes
2622,Artes
2623,Artes
2624,Artes
2625,Artes
2626,Artes
2627,Artes
2628,Artes
2629,Artes
2630,Artes
2631,Artes
2632,Artes
2633,Artes
2634,Artes
2635,Artes
2636,Artes
2637,Artes
2638,Artes
2639,Artes
2640,Artes
2641,Artes
2642,Artes
2643,Artes
2644,Artes
2645,Artes
2646,Artes
2647,Artes
2648,Artes
2649,Artes
2650,Artes
2651,Artes
2652,Artes
2653,Artes
2654,Artes
2655,Artes
2656,Artes
2657,Artes
2658,Artes
2659,Artes
2660,Artes
2661,Artes
2662,Artes
2663,Artes
2664,Artes
2665,Artes
2666,Artes
2667,Artes
2668,Artes
2669,Artes
2670,Artes
2671,Artes
2672,Artes
2673,Artes
2674,Artes
2675,Artes
2676,Artes
2677,Artes
2678,Artes
2679,Artes
2680,Artes
2681,Artes
2682,Artes
2683,Artes
2684,Artes
2685,Artes
2686,Artes
2687,Artes
2688,Artes
2689,Artes
2690,Artes
2691,Artes
2692,Artes
2693,Artes
2694,Artes
2695,Artes
2696,Artes
2697,Artes
2698,Artes
2699,Artes
2700,Artes
2701,Artes
2702,Artes
2703,Artes
2704,Artes
2705,Artes
2706,Artes
2707,Artes
2708,Artes
2709,Artes
2710,Artes
2711,Artes
2712,Artes
2713,Artes
2714,Artes
2715,Artes
2716,Artes
2717,Artes
2718,Artes
2719,Artes
2720,Artes
2721,Artes
2722,Artes
2723,Artes
2724,Artes
2725,Artes
2726,Artes
2727,Artes
2728,Artes
2729,Artes
2730,Artes
2731,Artes
2732,Artes
2733,Artes
2734,Artes
2735,Artes
2736,Artes
2737,Artes
2738,Artes
2739,Artes
2740,Artes
2741,Artes
2742,Artes
2743,Artes
2744,Artes
2745,Artes
2746,Artes
2747,Artes
2748,Artes
2749,Artes
2750,Artes
2751,Artes
2752,Artes
2753,Artes
2754,Artes
2755,Artes
2756,Artes
2757,Artes
2758,Artes
2759,Artes
2760,Artes
2761,Artes
2762,Artes
2763,Artes
2764,Artes
2765,Artes
2766,Artes
2767,Artes
2768,Artes
2769,Artes
2770,Artes
2771,Artes
2772,Artes
2773,Artes
2774,Artes
2775,Artes
2776,Artes
2777,Artes
2778,Artes
2779,Artes
2780,Artes
2781,Artes
2782,Artes
2783,Artes
2784,Artes
2785,Artes
2786,Artes
2787,Artes
2788,Artes
2789,Artes
2790,Artes
2791,Artes
2792,Artes
2793,Artes
2794,Artes
2795,Artes
2796,Artes
2797,Artes
2798,Artes
2799,Artes
2800,Artes
2801,Artes
2802,Artes
2803,Artes
2804,Artes
2805,Artes
2806,Artes
2807,Artes
2808,Artes
2809,Artes
2810,Artes
2811,Artes
2812,Artes
2813,Artes
2814,Artes
2815,Artes
2816,Artes
2817,Artes
2818,Artes
2819,Artes
2820,Artes
2821,Artes
2822,Artes
2823,Artes
2824,Artes
2825,Artes
2826,Artes
2827,Artes
2828,Artes
2829,Artes
2830,Artes
2831,Artes
2832,Artes
2833,Artes
2834,Artes
2835,Artes
2836,Artes
2837,Artes
2838,Artes
2839,Artes
2840,Artes
2841,Artes
2842,Artes
2843,Artes
2844,Artes
2845,Artes
2846,Artes
2847,Artes
2848,Artes
2849,Artes
2850,Artes
2851,Artes
2852,Artes
2853,Artes
2854,Artes
2855,Artes
2856,Artes
2857,Artes
2858,Artes
2859,Artes
2860,Artes
2861,Artes
2862,Artes
2863,Artes
2864,Artes
2865,Artes
2866,Artes
2867,Artes
2868,Artes
2869,Artes
2870,Artes
2871,Artes
2872,Artes
2873,Artes
2874,Artes
2875,Artes
2876,Artes
2877,Artes
2878,Artes
2879,Artes
2880,Artes
2881,Artes
2882,Artes
2883,Artes
2884,Artes
2885,Artes
2886,Artes
2887,Artes
2888,Artes
2889,Artes
2890,Artes
2891,Artes
2892,Artes
2893,Artes
2894,Artes
2895,Artes
2896,Artes
2897,Artes
2898,Artes
2899,Artes
2900,Artes
2901,Artes
2902,Artes
2903,Artes
2904,Artes
2905,Artes
2906,Artes
2907,Artes
2908,Artes
2909,Artes
2910,Artes
2911,Artes
2912,Artes
2913,Artes
2914,Artes
2915,Artes
2916,Artes
2917,Artes
2918,Artes
2919,Artes
2920,Artes
2921,Artes
2922,Artes
2923,Artes
2924,Artes
2925,Artes
2926,Artes
2927,Artes
2928,Artes
2929,Artes
2930,Artes
2931,Artes
2932,Artes
2933,Artes
2934,Artes
2935,Artes
2936,Artes
2937,Artes
2938,Artes
2939,Artes
2940,Artes
2941,Artes
2942,Artes
2943,Artes
2944,Artes
2945,Artes
2946,Artes
2947,Artes
2948,Artes
2949,Artes
2950,Artes
2951,Artes
2952,Artes
2953,Artes
2954,Artes
2955,Artes
2956,Artes
2957,Artes
2958,Artes
2959,Artes
2960,Artes
2961,Artes
2962,Artes
2963,Artes
2964,Artes
2965,Artes
2966,Artes
2967,Artes
2968,Artes
2969,Artes
2970,Artes
2971,Artes
2972,Artes
2973,Artes
2974,Artes
2975,Artes
2976,Artes
2977,Artes
2978,Artes
2979,Artes
2980,Artes
2981,Artes
2982,Artes
2983,Artes
2984,Artes
2985,Artes
2986,Artes
2987,Artes
2988,Artes
2989,Artes
2990,Artes
2991,Artes
2992,Artes
2993,Artes
2994,Artes
2995,Artes
2996,Artes
2997,Artes
2998,Artes
2999,Artes
3000,Artes
3001,Artes
3002,Artes
3003,Artes
3004,Artes
3005,Artes
3006,Artes
3007,Artes
3008,Artes
3009,Artes
3010,Artes
3011,Artes
3012,Artes
3013,Artes
3014,Artes
3015,Artes
3016,Artes
3017,Artes
3018,Artes
3019,Artes
3020,Artes
3021,Artes
3022,Artes
3023,Artes
3024,Artes
3025,Artes
3026,Artes
3027,Artes
3028,Artes
3029,Artes
3030,Artes
3031,Artes
3032,Artes
3033,Artes
3034,Artes
3035,Artes
3036,Artes
3037,Artes
3038,Artes
3039,Artes
3040,Artes
3041,Artes
3042,Artes
3043,Artes
3044,Artes
3045,Artes
3046,Artes
3047,Artes
3048,Artes
3049,Artes
3050,Artes
3051,Artes
3052,Artes
3053,Artes
3054,Artes
3055,Artes
3056,Artes
3057,Artes
3058,Artes
3059,Artes
3060,Artes
3061,Artes
3062,Artes
3063,Artes
3064,Artes
3065,Artes
3066,Artes
3067,Artes
3068,Artes
3069,Artes
3070,Artes
3071,Artes
3072,Artes
3073,Artes
3074,Artes
3075,Artes
3076,Artes
3077,Artes
3078,Artes
3079,Artes
3080,Artes
3081,Artes
3082,Artes
3083,Artes
3084,Artes
3085,Artes
3086,Artes
3087,Artes
3088,Artes
3089,Artes
3090,Artes
3091,Artes
3092,Artes
3093,Artes
3094,Artes
3095,Artes
3096,Artes
3097,Artes
3098,Artes
3099,Artes
3100,Artes
3101,Artes
3102,Artes
3103,Artes
3104,Artes
3105,Artes
3106,Artes
3107,Artes
3108,Artes
3109,Artes
3110,Artes
3111,Artes
3112,Artes
3113,Artes
3114,Artes
3115,Artes
3116,Artes
3117,Artes
3118,Artes
3119,Artes
3120,Artes
3121,Artes
3122,Artes
3123,Artes
3124,Artes
3125,Artes
3126,Artes
3127,Artes
3128,Artes
3129,Artes
3130,Artes
3131,Artes
3132,Artes
3133,Artes
3134,Artes
3135,Artes
3136,Artes
3137,Artes
3138,Artes
3139,Artes
3140,Artes
3141,Artes
3142,Artes
3143,Artes
3144,Artes
3145,Artes
3146,Artes
3147,Artes
3148,Artes
3149,Artes
3150,Artes
3151,Artes
3152,Artes
3153,Artes
3154,Artes
3155,Artes
3156,Artes
3157,Artes
3158,Artes
3159,Artes
3160,Artes
3161,Artes
3162,Artes
3163,Artes
3164,Artes
3165,Artes
3166,Artes
3167,Artes
3168,Artes
3169,Artes
3170,Artes
3171,Artes
3172,Artes
3173,Artes
3174,Artes
3175,Artes
3176,Artes
3177,Artes
3178,Artes
3179,Artes
3180,Artes
3181,Artes
3182,Artes
3183,Artes
3184,Artes
3185,Artes
3186,Artes
3187,Artes
3188,Artes
3189,Artes
3190,Artes
3191,Artes
3192,Artes
3193,Artes
3194,Artes
3195,Artes
3196,Artes
3197,Artes
3198,Artes
3199,Artes
3200,Artes
3201,Artes
3202,Artes
3203,Artes
3204,Artes
3205,Artes
3206,Artes
3207,Artes
3208,Artes
3209,Artes
3210,Artes
3211,Artes
3212,Artes
3213,Artes
3214,Artes
3215,Artes
3216,Artes
3217,Artes
3218,Artes
3219,Artes
3220,Artes
3221,Artes
3222,Artes
3223,Artes
3224,Artes
3225,Artes
3226,Artes
3227,Artes
3228,Artes
3229,Artes
3230,Artes
3231,Artes
3232,Artes
3233,Artes
3234,Artes
3235,Artes
3236,Artes
3237,Artes
3238,Artes
3239,Artes
3240,Artes
3241,Artes
3242,Artes
3243,Artes
3244,Artes
3245,Artes
3246,Artes
3247,Artes
3248,Artes
3249,Artes
3250,Artes
3251,Artes
3252,Artes
3253,Artes
3254,Artes
3255,Artes
3256,Artes
3257,Artes
3258,Artes
3259,Artes
3260,Artes
3261,Artes
3262,Artes
3263,Artes
3264,Artes
3265,Artes
3266,Artes
3267,Artes
3268,Artes
3269,Artes
3270,Artes
3271,Artes
3272,Artes
3273,Artes
3274,Artes
3275,Artes
3276,Artes
3277,Artes
3278,Artes
3279,Artes
3280,Artes
3281,Artes
3282,Artes
3283,Artes
3284,Artes
3285,Artes
3286,Artes
3287,Artes
3288,Artes
3289,Artes
3290,Artes
3291,Artes
3292,Artes
3293,Artes
3294,Artes
3295,Artes
3296,Artes
3297,Artes
3298,Artes
3299,Artes
3300,Artes
3301,Artes
3302,Artes
3303,Artes
3304,Artes
3305,Artes
3306,Artes
3307,Artes
3308,Artes
3309,Artes
3310,Artes
3311,Artes
3312,Artes
3313,Artes
3314,Artes
3315,Artes
3316,Artes
3317,Artes
3318,Artes
3319,Artes
3320,Artes
3321,Artes
3322,Artes
3323,Artes
3324,Artes
3325,Artes
3326,Artes
3327,Artes
3328,Artes
3329,Artes
3330,Artes
3331,Artes
3332,Artes
3333,Artes
3334,Artes
3335,Artes
3336,Artes
3337,Artes
3338,Artes
3339,Artes
3340,Artes
3341,Artes
3342,Artes
3343,Artes
3344,Artes
3345,Artes
3346,Artes
3347,Artes
3348,Artes
3349,Artes
3350,Artes
3351,Artes
3352,Artes
3353,Artes
3354,Artes
3355,Artes
3356,Artes
3357,Artes
3358,Artes
3359,Artes
3360,Artes
3361,Artes
3362,Artes
3363,Artes
3364,Artes
3365,Artes
3366,Artes
3367,Artes
3368,Artes
3369,Artes
3370,Artes
3371,Artes
3372,Artes
3373,Artes
3374,Artes
3375,Artes
3376,Artes
3377,Artes
3378,Artes
3379,Artes
3380,Artes
3381,Artes
3382,Artes
3383,Artes
3384,Artes
3385,Artes
3386,Artes
3387,Artes
3388,Artes
3389,Artes
3390,Artes
3391,Artes
3392,Artes
3393,Artes
3394,Artes
3395,Artes
3396,Artes
3397,Artes
3398,Artes
3399,Artes
3400,Artes
3401,Artes
3402,Artes
3403,Artes
3404,Artes
3405,Artes
3406,Artes
3407,Artes
3408,Artes
3409,Artes
3410,Artes
3411,Artes
3412,Artes
3413,Artes
3414,Artes
3415,Artes
3416,Artes
3417,Artes
3418,Artes
3419,Artes
3420,Artes
3421,Artes
3422,Artes
3423,Artes
3424,Artes
3425,Artes
3426,Artes
3427,Artes
3428,Artes
3429,Artes
3430,Artes
3431,Artes
3432,Artes
3433,Artes
3434,Artes
3435,Artes
3436,Artes
3437,Artes
3438,Artes
3439,Artes
3440,Artes
3441,Artes
3442,Artes
3443,Artes
3444,Artes
3445,Artes
3446,Artes
3447,Artes
3448,Artes
3449,Artes
3450,Artes
3451,Artes
3452,Artes
3453,Artes
3454,Artes
3455,Artes
3456,Artes
3457,Artes
3458,Artes
3459,Artes
3460,Artes
3461,Artes
3462,Artes
3463,Artes
3464,Artes
3465,Artes
3466,Artes
3467,Artes
3468,Artes
3469,Artes
3470,Artes
3471,Artes
3472,Artes
3473,Artes
3474,Artes
3475,Artes
3476,Artes
3477,Artes
3478,Artes
3479,Artes
3480,Artes
3481,Artes
3482,Artes
3483,Artes
3484,Artes
3485,Artes
3486,Artes
3487,Artes
3488,Artes
3489,Artes
3490,Artes
3491,Artes
3492,Artes
3493,Artes
3494,Artes
3495,Artes
3496,Artes
3497,Artes
3498,Artes
3499,Artes
3500,Artes
3501,Artes
3502,Artes
3503,Artes
3504,Artes
3505,Artes
3506,Artes
3507,Artes
3508,Artes
3509,Artes
3510,Artes
3511,Artes
3512,Artes
3513,Artes
3514,Artes
3515,Artes
3516,Artes
3517,Artes
3518,Artes
3519,Artes
3520,Artes
3521,Artes
3522,Artes
3523,Artes
3524,Artes
3525,Artes
3526,Artes
3527,Artes
3528,Artes
3529,Artes
3530,Artes
3531,Artes
3532,Artes
3533,Artes
3534,Artes
3535,Artes
3536,Artes
3537,Artes
3538,Artes
3539,Artes
3540,Artes
3541,Artes
3542,Artes
3543,Artes
3544,Artes
3545,Artes
3546,Artes
3547,Artes
3548,Artes
3549,Artes
3550,Artes
3551,Artes
3552,Artes
3553,Artes
3554,Artes
3555,Artes
3556,Artes
3557,Artes
3558,Artes
3559,Artes
3560,Artes
3561,Artes
3562,Artes
3563,Artes
3564,Artes
3565,Artes
3566,Artes
3567,Artes
3568,Artes
3569,Artes
3570,Artes
3571,Artes
3572,Artes
3573,Artes
3574,Artes
3575,Artes
3576,Artes
3577,Artes
3578,Artes
3579,Artes
3580,Artes
3581,Artes
3582,Artes
3583,Artes
3584,Artes
3585,Artes
3586,Artes
3587,Artes
3588,Artes
3589,Artes
3590,Artes
3591,Artes
3592,Artes
3593,Artes
3594,Artes
3595,Artes
3596,Artes
3597,Artes
3598,Artes
3599,Artes
3600,Artes
3601,Artes
3602,Artes
3603,Artes
3604,Artes
3605,Artes
3606,Artes
3607,Artes
3608,Artes
3609,Artes
3610,Artes
3611,Artes
3612,Artes
3613,Artes
3614,Artes
3615,Artes
3616,Artes
3617,Artes
3618,Artes
3619,Artes
3620,Artes
3621,Artes
3622,Artes
3623,Artes
3624,Artes
3625,Artes
3626,Artes
3627,Artes
3628,Artes
3629,Artes
3630,Artes
3631,Artes
3632,Artes
3633,Artes
3634,Artes
3635,Artes
3636,Artes
3637,Artes
3638,Artes
3639,Artes
3640,Artes
3641,Artes
3642,Artes
3643,Artes
3644,Artes
3645,Artes
3646,Artes
3647,Artes
3648,Artes
3649,Artes
3650,Artes
3651,Artes
3652,Artes
3653,Artes
3654,Artes
3655,Artes
3656,Artes
3657,Artes
3658,Artes
3659,Artes
3660,Artes
3661,Artes
3662,Artes
3663,Artes
3664,Artes
3665,Artes
3666,Artes
3667,Artes
3668,Artes
3669,Artes
3670,Artes
3671,Artes
3672,Artes
3673,Artes
3674,Artes
3675,Artes
3676,Artes
3677,Artes
3678,Artes
3679,Artes
3680,Artes
3681,Artes
3682,Artes
3683,Artes
3684,Artes
3685,Artes
3686,Artes
3687,Artes
3688,Artes
3689,Artes
3690,Artes
3691,Artes
3692,Artes
3693,Artes
3694,Artes
3695,Artes
3696,Artes
3697,Artes
3698,Artes
3699,Artes
3700,Artes
3701,Artes
3702,Artes
3703,Artes
3704,Artes
3705,Artes
3706,Artes
3707,Artes
3708,Artes
3709,Artes
3710,Artes
3711,Artes
3712,Artes
3713,Artes
3714,Artes
3715,Artes
3716,Artes
3717,Artes
3718,Artes
3719,Artes
3720,Artes
3721,Artes
3722,Artes
3723,Artes
3724,Artes
3725,Artes
3726,Artes
3727,Artes
3728,Artes
3729,Artes
3730,Artes
3731,Artes
3732,Artes
3733,Artes
3734,Artes
3735,Artes
3736,Artes
3737,Artes
3738,Artes
3739,Artes
3740,Artes
3741,Artes
3742,Artes
3743,Artes
3744,Artes
3745,Artes
3746,Artes
3747,Artes
3748,Artes
3749,Artes
3750,Artes
3751,Artes
3752,Artes
3753,Artes
3754,Artes
3755,Artes
3756,Artes
3757,Artes
3758,Artes
3759,Artes
3760,Artes
3761,Artes
3762,Artes
3763,Artes
3764,Artes
3765,Artes
3766,Artes
3767,Artes
3768,Artes
3769,Artes
3770,Artes
3771,Artes
3772,Artes
3773,Artes
3774,Artes
3775,Artes
3776,Artes
3777,Artes
3778,Artes
3779,Artes
3780,Artes
3781,Artes
3782,Artes
3783,Artes
3784,Artes
3785,Artes
3786,Artes
3787,Artes
3788,Artes
3789,Artes
3790,Artes
3791,Artes
3792,Artes
3793,Artes
3794,Artes
3795,Artes
3796,Artes
3797,Artes
3798,Artes
3799,Artes
3800,Artes
3801,Artes
3802,Artes
3803,Artes
3804,Artes
3805,Artes
3806,Artes
3807,Artes
3808,Artes
3809,Artes
3810,Artes
3811,Artes
3812,Artes
3813,Artes
3814,Artes
3815,Artes
3816,Artes
3817,Artes
3818,Artes
3819,Artes
3820,Artes
3821,Artes
3822,Artes
3823,Artes
3824,Artes
3825,Artes
3826,Artes
3827,Artes
3828,Artes
3829,Artes
3830,Artes
3831,Artes
3832,Artes
3833,Artes
3834,Artes
3835,Artes
3836,Artes
3837,Artes
3838,Artes
3839,Artes
3840,Artes
3841,Artes
3842,Artes
3843,Artes
3844,Artes
3845,Artes
3846,Artes
3847,Artes
3848,Artes
3849,Artes
3850,Artes
3851,Artes
3852,Artes
3853,Artes
3854,Artes
3855,Artes
3856,Artes
3857,Artes
3858,Artes
3859,Artes
3860,Artes
3861,Artes
3862,Artes
3863,Artes
3864,Artes
3865,Artes
3866,Artes
3867,Artes
3868,Artes
3869,Artes
3870,Artes
3871,Artes
3872,Artes
3873,Artes
3874,Artes
3875,Artes
3876,Artes
3877,Artes
3878,Artes
3879,Artes
3880,Artes
3881,Artes
3882,Artes
3883,Artes
3884,Artes
3885,Artes
3886,Artes
3887,Artes
3888,Artes
3889,Artes
3890,Artes
3891,Artes
3892,Artes
3893,Artes
3894,Artes
3895,Artes
3896,Artes
3897,Artes
3898,Artes
3899,Artes
3900,Artes
3901,Artes
3902,Artes
3903,Artes
3904,Artes
3905,Artes
3906,Artes
3907,Artes
3908,Artes
3909,Artes
3910,Artes
3911,Artes
3912,Artes
3913,Artes
3914,Artes
3915,Artes
3916,Artes
3917,Artes
3918,Artes
3919,Artes
3920,Artes
3921,Artes
3922,Artes
3923,Artes
3924,Artes
3925,Artes
3926,Artes
3927,Artes
3928,Artes
3929,Artes
3930,Artes
3931,Artes
3932,Artes
3933,Artes
3934,Artes
3935,Artes
3936,Artes
3937,Artes
3938,Artes
3939,Artes
3940,Artes
3941,Artes
3942,Artes
3943,Artes
3944,Artes
3945,Artes
3946,Artes
3947,Artes
3948,Artes
3949,Artes
3950,Artes
3951,Artes
3952,Artes
3953,Artes
3954,Artes
3955,Artes
3956,Artes
3957,Artes
3958,Artes
3959,Artes
3960,Artes
3961,Artes
3962,Artes
3963,Artes
3964,Artes
3965,Artes
3966,Artes
3967,Artes
3968,Artes
3969,Artes
3970,Artes
3971,Artes
3972,Artes
3973,Artes
3974,Artes
3975,Artes
3976,Artes
3977,Artes
3978,Artes
3979,Artes
3980,Artes
3981,Artes
3982,Artes
3983,Artes
3984,Artes
3985,Artes
3986,Artes
3987,Artes
3988,Artes
3989,Artes
3990,Artes
3991,Artes
3992,Artes
3993,Artes
3994,Artes
3995,Artes
3996,Artes
3997,Artes
3998,Artes
3999,Artes
4000,Artes
4001,Artes
4002,Artes
4003,Artes
4004,Artes
4005,Artes
4006,Artes
4007,Artes
4008,Artes
4009,Artes
4010,Artes
4011,Artes
4012,Artes
4013,Artes
4014,Artes
4015,Artes
4016,Artes
4017,Artes
4018,Artes
4019,Artes
4020,Artes
4021,Artes
4022,Artes
4023,Artes
4024,Artes
4025,Artes
4026,Artes
4027,Artes
4028,Artes
4029,Artes
4030,Artes
4031,Artes
4032,Artes
4033,Artes
4034,Artes
4035,Artes
4036,Artes
4037,Artes
4038,Artes
4039,Artes
4040,Artes
4041,Artes
4042,Artes
4043,Artes
4044,Artes
4045,Artes
4046,Artes
4047,Artes
4048,Artes
4049,Artes
4050,Artes
4051,Artes
4052,Artes
4053,Artes
4054,Artes
4055,Artes
4056,Artes
4057,Artes
4058,Artes
4059,Artes
4060,Artes
4061,Artes
4062,Artes
4063,Artes
4064,Artes
4065,Artes
4066,Artes
4067,Artes
4068,Artes
4069,Artes
4070,Artes
4071,Artes
4072,Artes
4073,Artes
4074,Artes
4075,Artes
4076,Artes
4077,Artes
4078,Artes
4079,Artes
4080,Artes
4081,Artes
4082,Artes
4083,Artes
4084,Artes
4085,Artes
4086,Artes
4087,Artes
4088,Artes
4089,Artes
4090,Artes
4091,Artes
4092,Artes
4093,Artes
4094,Artes
4095,Artes
4096,Artes
4097,Artes
4098,Artes
4099,Artes
4100,Artes
4101,Artes
4102,Artes
4103,Artes
4104,Artes
4105,Artes
4106,Artes
4107,Artes
4108,Artes
4109,Artes
4110,Artes
4111,Artes
4112,Artes
4113,Artes
4114,Artes
4115,Artes
4116,Artes
4117,Artes
4118,Artes
4119,Artes
4120,Artes
4121,Artes
4122,Artes
4123,Artes
4124,Artes
4125,Artes
4126,Artes
4127,Artes
4128,Artes
4129,Artes
4130,Artes
4131,Artes
4132,Artes
4133,Artes
4134,Artes
4135,Artes
4136,Artes
4137,Artes
4138,Artes
4139,Artes
4140,Artes
4141,Artes
4142,Artes
4143,Artes
4144,Artes
4145,Artes
4146,Artes
4147,Artes
4148,Artes
4149,Artes
4150,Artes
4151,Artes
4152,Artes
4153,Artes
4154,Artes
4155,Artes
4156,Artes
4157,Artes
4158,Artes
4159,Artes
4160,Artes
4161,Artes
4162,Artes
4163,Artes
4164,Artes
4165,Artes
4166,Artes
4167,Artes
4168,Artes
4169,Artes
4170,Artes
4171,Artes
4172,Artes
4173,Artes
4174,Artes
4175,Artes
4176,Artes
4177,Artes
4178,Artes
4179,Artes
4180,Artes
4181,Artes
4182,Artes
4183,Artes
4184,Artes
4185,Artes
4186,Artes
4187,Artes
4188,Artes
4189,Artes
4190,Artes
4191,Artes
4192,Artes
4193,Artes
4194,Artes
4195,Artes
4196,Artes
4197,Artes
4198,Artes
4199,Artes
4200,Artes
4201,Artes
4202,Artes
4203,Artes
4204,Artes
4205,Artes
4206,Artes
4207,Artes
4208,Artes
4209,Artes
4210,Artes
4211,Artes
4212,Artes
4213,Artes
4214,Artes
4215,Artes
4216,Artes
4217,Artes
4218,Artes
4219,Artes
4220,Artes
4221,Artes
4222,Artes
4223,Artes
4224,Artes
4225,Artes
4226,Artes
4227,Artes
4228,Artes
4229,Artes
4230,Artes
4231,Artes
4232,Artes
4233,Artes
4234,Artes
4235,Artes
4236,Artes
4237,Artes
4238,Artes
4239,Artes
4240,Artes
4241,Artes
4242,Artes
4243,Artes
4244,Artes
4245,Artes
4246,Artes
4247,Artes
4248,Artes
4249,Artes
4250,Artes
4251,Artes
4252,Artes
4253,Artes
4254,Artes
4255,Artes
4256,Artes
4257,Artes
4258,Artes
4259,Artes
4260,Artes
4261,Artes
4262,Artes
4263,Artes
4264,Artes
4265,Artes
4266,Artes
4267,Artes
4268,Artes
4269,Artes
4270,Artes
4271,Artes
4272,Artes
4273,Artes
4274,Artes
4275,Artes
4276,Artes
4277,Artes
4278,Artes
4279,Artes
4280,Artes
4281,Artes
4282,Artes
4283,Artes
4284,Artes
4285,Artes
4286,Artes
4287,Artes
4288,Artes
4289,Artes
4290,Artes
4291,Artes
4292,Artes
4293,Artes
4294,Artes
4295,Artes
4296,Artes
4297,Artes
4298,Artes
4299,Artes
4300,Artes
4301,Artes
4302,Artes
4303,Artes
4304,Artes
4305,Artes
4306,Artes
4307,Artes
4308,Artes
4309,Artes
4310,Artes
4311,Artes
4312,Artes
4313,Artes
4314,Artes
4315,Artes
4316,Artes
4317,Artes
4318,Artes
4319,Artes
4320,Artes
4321,Artes
4322,Artes
4323,Artes
4324,Artes
4325,Artes
4326,Artes
4327,Artes
4328,Artes
4329,Artes
4330,Artes
4331,Artes
4332,Artes
4333,Artes
4334,Artes
4335,Artes
4336,Artes
4337,Artes
4338,Artes
4339,Artes
4340,Artes
4341,Artes
4342,Artes
4343,Artes
4344,Artes
4345,Artes
4346,Artes
4347,Artes
4348,Artes
4349,Artes
4350,Artes
4351,Artes
4352,Artes
4353,Artes
4354,Artes
4355,Artes
4356,Artes
4357,Artes
4358,Artes
4359,Artes
4360,Artes
4361,Artes
4362,Artes
4363,Artes
4364,Artes
4365,Artes
4366,Artes
4367,Artes
4368,Artes
4369,Artes
4370,Artes
4371,Artes
4372,Artes
4373,Artes
4374,Artes
4375,Artes
4376,Artes
4377,Artes
4378,Artes
4379,Artes
4380,Artes
4381,Artes
4382,Artes
4383,Artes
4384,Artes
4385,Artes
4386,Artes
4387,Artes
4388,Artes
4389,Artes
4390,Artes
4391,Artes
4392,Artes
4393,Artes
4394,Artes
4395,Artes
4396,Artes
4397,Artes
4398,Artes
4399,Artes
4400,Artes
4401,Artes
4402,Artes
4403,Artes
4404,Artes
4405,Artes
4406,Artes
4407,Artes
4408,Artes
4409,Artes
4410,Artes
4411,Artes
4412,Artes
4413,Artes
4414,Artes
4415,Artes
4416,Artes
4417,Artes
4418,Artes
4419,Artes
4420,Artes
4421,Artes
4422,Artes
4423,Artes
4424,Artes
4425,Artes
4426,Artes
4427,Artes
4428,Artes
4429,Artes
4430,Artes
4431,Artes
4432,Artes
4433,Artes
4434,Artes
4435,Artes
4436,Artes
4437,Artes
4438,Artes
4439,Artes
4440,Artes
4441,Artes
4442,Artes
4443,Artes
4444,Artes
4445,Artes
4446,Artes
4447,Artes
4448,Artes
4449,Artes
4450,Artes
4451,Artes
4452,Artes
4453,Artes
4454,Artes
4455,Artes
4456,Artes
4457,Artes
4458,Artes
4459,Artes
4460,Artes
4461,Artes
4462,Artes
4463,Artes
4464,Artes
4465,Artes
4466,Artes
4467,Artes
4468,Artes
4469,Artes
4470,Artes
4471,Artes
4472,Artes
4473,Artes
4474,Artes
4475,Artes
4476,Artes
4477,Artes
4478,Artes
4479,Artes
4480,Artes
4481,Artes
4482,Artes
4483,Artes
4484,Artes
4485,Artes
4486,Artes
4487,Artes
4488,Artes
4489,Artes
4490,Artes
4491,Artes
4492,Artes
4493,Artes
4494,Artes
4495,Artes
4496,Artes
4497,Artes
4498,Artes
4499,Artes
4500,Artes
4501,Artes
4502,Artes
4503,Artes
4504,Artes
4505,Artes
4506,Artes
4507,Artes
4508,Artes
4509,Artes
4510,Artes
4511,Artes
4512,Artes
4513,Artes
4514,Artes
4515,Artes
4516,Artes
4517,Artes
4518,Artes
4519,Artes
4520,Artes
4521,Artes
4522,Artes
4523,Artes
4524,Artes
4525,Artes
4526,Artes
4527,Artes
4528,Artes
4529,Artes
4530,Artes
4531,Artes
4532,Artes
4533,Artes
4534,Artes
4535,Artes
4536,Artes
4537,Artes
4538,Artes
4539,Artes
4540,Artes
4541,Artes
4542,Artes
4543,Artes
4544,Artes
4545,Artes
4546,Artes
4547,Artes
4548,Artes
4549,Artes
4550,Artes
4551,Artes
4552,Artes
4553,Artes
4554,Artes
4555,Artes
4556,Artes
4557,Artes
4558,Artes
4559,Artes
4560,Artes
4561,Artes
4562,Artes
4563,Artes
4564,Artes
4565,Artes
4566,Artes
4567,Artes
4568,Artes
4569,Artes
4570,Artes
4571,Artes
4572,Artes
4573,Artes
4574,Artes
4575,Artes
4576,Artes
4577,Artes
4578,Artes
4579,Artes
4580,Artes
4581,Artes
4582,Artes
4583,Artes
4584,Artes
4585,Artes
4586,Artes
4587,Artes
4588,Artes
4589,Artes
4590,Artes
4591,Artes
4592,Artes
4593,Artes
4594,Artes
4595,Artes
4596,Artes
4597,Artes
4598,Artes
4599,Artes
4600,Artes
4601,Artes
4602,Artes
4603,Artes
4604,Artes
4605,Artes
4606,Artes
4607,Artes
4608,Artes
4609,Artes
4610,Artes
4611,Artes
4612,Artes
4613,Artes
4614,Artes
4615,Artes
4616,Artes
4617,Artes
4618,Artes
4619,Artes
4620,Artes
4621,Artes
4622,Artes
4623,Artes
4624,Artes
4625,Artes
4626,Artes
4627,Artes
4628,Artes
4629,Artes
4630,Artes
4631,Artes
4632,Artes
4633,Artes
4634,Artes
4635,Artes
4636,Artes
4637,Artes
4638,Artes
4639,Artes
4640,Artes
4641,Artes
4642,Artes
4643,Artes
4644,Artes
4645,Artes
4646,Artes
4647,Artes
4648,Artes
4649,Artes
4650,Artes
4651,Artes
4652,Artes
4653,Artes
4654,Artes
4655,Artes
4656,Artes
4657,Artes
4658,Artes
4659,Artes
4660,Artes
4661,Artes
4662,Artes
4663,Artes
4664,Artes
4665,Artes
4666,Artes
4667,Artes
4668,Artes
4669,Artes
4670,Artes
4671,Artes
4672,Artes
4673,Artes
4674,Artes
4675,Artes
4676,Artes
4677,Artes
4678,Artes
4679,Artes
4680,Artes
4681,Artes
4682,Artes
4683,Artes
4684,Artes
4685,Artes
4686,Artes
4687,Artes
4688,Artes
4689,Artes
4690,Artes
4691,Artes
4692,Artes
4693,Artes
4694,Artes
4695,Artes
4696,Artes
4697,Artes
4698,Artes
4699,Artes
4700,Artes
4701,Artes
4702,Artes
4703,Artes
4704,Artes
4705,Artes
4706,Artes
4707,Artes
4708,Artes
4709,Artes
4710,Artes
4711,Artes
4712,Artes
4713,Artes
4714,Artes
4715,Artes
4716,Artes
4717,Artes
4718,Artes
4719,Artes
4720,Artes
4721,Artes
4722,Artes
4723,Artes
4724,Artes
4725,Artes
4726,Artes
4727,Artes
4728,Artes
4729,Artes
4730,Artes
4731,Artes
4732,Artes
4733,Artes
4734,Artes
4735,Artes
4736,Artes
4737,Artes
4738,Artes
4739,Artes
4740,Artes
4741,Artes
4742,Artes
4743,Artes
4744,Artes
4745,Artes
4746,Artes
4747,Artes
4748,Artes
4749,Artes
4750,Artes
4751,Artes
4752,Artes
4753,Artes
4754,Artes
4755,Artes
4756,Artes
4757,Artes
4758,Artes
4759,Artes
4760,Artes
4761,Artes
4762,Artes
4763,Artes
4764,Artes
4765,Artes
4766,Artes
4767,Artes
4768,Artes
4769,Artes
4770,Artes
4771,Artes
4772,Artes
4773,Artes
4774,Artes
4775,Artes
4776,Artes
4777,Artes
4778,Artes
4779,Artes
4780,Artes
4781,Artes
4782,Artes
4783,Artes
4784,Artes
4785,Artes
4786,Artes
4787,Artes
4788,Artes
4789,Artes
4790,Artes
4791,Artes
4792,Artes
4793,Artes
4794,Artes
4795,Artes
4796,Artes
4797,Artes
4798,Artes
4799,Artes
4800,Artes
4801,Artes
4802,Artes
4803,Artes
4804,Artes
4805,Artes
4806,Artes
4807,Artes
4808,Artes
4809,Artes
4810,Artes
4811,Artes
4812,Artes
4813,Artes
4814,Artes
4815,Artes
4816,Artes
4817,Artes
4818,Artes
4819,Artes
4820,Artes
4821,Artes
4822,Artes
4823,Artes
4824,Artes
4825,Artes
4826,Artes
4827,Artes
4828,Artes
4829,Artes
4830,Artes
4831,Artes
4832,Artes
4833,Artes
4834,Artes
4835,Artes
4836,Artes
4837,Artes
4838,Artes
4839,Artes
4840,Artes
4841,Artes
4842,Artes
4843,Artes
4844,Artes
4845,Artes
4846,Artes
4847,Artes
4848,Artes
4849,Artes
4850,Artes
4851,Artes
4852,Artes
4853,Artes
4854,Artes
4855,Artes
4856,Artes
4857,Artes
4858,Artes
4859,Artes
4860,Artes
4861,Artes
4862,Artes
4863,Artes
4864,Artes
4865,Artes
4866,Artes
4867,Artes
4868,Artes
4869,Artes
4870,Artes
4871,Artes
4872,Artes
4873,Artes
4874,Artes
4875,Artes
4876,Artes
4877,Artes
4878,Artes
4879,Artes
4880,Artes
4881,Artes
4882,Artes
4883,Artes
4884,Artes
4885,Artes
4886,Artes
4887,Artes
4888,Artes
4889,Artes
4890,Artes
4891,Artes
4892,Artes
4893,Artes
4894,Artes
4895,Artes
4896,Artes
4897,Artes
4898,Artes
4899,Artes
4900,Artes
4901,Artes
4902,Artes
4903,Artes
4904,Artes
4905,Artes
4906,Artes
4907,Artes
4908,Artes
4909,Artes
4910,Artes
4911,Artes
4912,Artes
4913,Artes
4914,Artes
4915,Artes
4916,Artes
4917,Artes
4918,Artes
4919,Artes
4920,Artes
4921,Artes
4922,Artes
4923,Artes
4924,Artes
4925,Artes
4926,Artes
4927,Artes
4928,Artes
4929,Artes
4930,Artes
4931,Artes
4932,Artes
4933,Artes
4934,Artes
4935,Artes
4936,Artes
4937,Artes
4938,Artes
4939,Artes
4940,Artes
4941,Artes
4942,Artes
4943,Artes
4944,Artes
4945,Artes
4946,Artes
4947,Artes
4948,Artes
4949,Artes
4950,Artes
4951,Artes
4952,Artes
4953,Artes
4954,Artes
4955,Artes
4956,Artes
4957,Artes
4958,Artes
4959,Artes
4960,Artes
4961,Artes
4962,Artes
4963,Artes
4964,Artes
4965,Artes
4966,Artes
4967,Artes
4968,Artes
4969,Artes
4970,Artes
4971,Artes
4972,Artes
4973,Artes
4974,Artes
4975,Artes
4976,Artes
4977,Artes
4978,Artes
4979,Artes
4980,Artes
4981,Artes
4982,Artes
4983,Artes
4984,Artes
4985,Artes
4986,Artes
4987,Artes
4988,Artes
4989,Artes
4990,Artes
4991,Artes
4992,Artes
4993,Artes
4994,Artes
4995,Artes
4996,Artes
4997,Artes
4998,Artes
4999,Artes
5000,Artes
